Repository's Location,Branch,File Formats,Ignore Glob List,Ignore standalone config,Ignore Commits List,Ignore Authors List,Shallow Cloning,Find Previous Authors
https://github.com/kubrian/ip.git,master,,tutorials/**;gradlew.bat,,,,,
https://github.com/FadhilPM/ip.git,master,,tutorials/**;gradlew.bat,,,,,
https://github.com/raw-asparagus/ip.git,master,,tutorials/**;gradlew.bat,,,,,
https://github.com/samuelkwik/ip.git,master,,tutorials/**;gradlew.bat,,,,,
https://github.com/castryl/ip.git,master,,tutorials/**;gradlew.bat,,,,,
https://github.com/mingshan2705/ip.git,master,,tutorials/**;gradlew.bat,,,,,
https://github.com/nguyenvukhang/ip.git,master,,tutorials/**;gradlew.bat,,,,,
https://github.com/NightlyAffair/ip.git,master,,tutorials/**;gradlew.bat,,,,,
https://github.com/Ernestnzx/ip.git,master,,tutorials/**;gradlew.bat,,,,,
https://github.com/zephaniahong/ip.git,master,,tutorials/**;gradlew.bat,,,,,
https://github.com/davidchongg/ip.git,master,,tutorials/**;gradlew.bat,,,,,
https://github.com/teesha902/ip.git,master,,tutorials/**;gradlew.bat,,,,,
https://github.com/wowwwp/ip.git,master,,tutorials/**;gradlew.bat,,,,,
https://github.com/subiloble/ip.git,master,,tutorials/**;gradlew.bat,,,,,
https://github.com/xuxuezhou/ip.git,master,,tutorials/**;gradlew.bat,,,,,
https://github.com/RT0118/ip.git,master,,tutorials/**;gradlew.bat,,,,,
https://github.com/Inquisitivrx/ip.git,master,,tutorials/**;gradlew.bat,,,,,
https://github.com/bryonk/ip.git,master,,tutorials/**;gradlew.bat,,,,,
https://github.com/ChinZJ/ip.git,master,,tutorials/**;gradlew.bat,,,,,
https://github.com/dnardnar/ip.git,master,,tutorials/**;gradlew.bat,,,,,
https://github.com/jeronkk/ip.git,master,,tutorials/**;gradlew.bat,,,,,
https://github.com/TheEnd-alr-taken/ip.git,master,,tutorials/**;gradlew.bat,,,,,
https://github.com/nathtiekk/ip.git,master,,tutorials/**;gradlew.bat,,,,,
https://github.com/Jeremiah33-3/ip.git,master,,tutorials/**;gradlew.bat,,,,,
https://github.com/aisyahally/ip.git,master,,tutorials/**;gradlew.bat,,,,,
https://github.com/kylieluk88/ip.git,master,,tutorials/**;gradlew.bat,,,,,
https://github.com/zlllllr/ip.git,master,,tutorials/**;gradlew.bat,,,,,
https://github.com/quantin96/ip.git,master,,tutorials/**;gradlew.bat,,,,,
https://github.com/SheYuting/ip.git,master,,tutorials/**;gradlew.bat,,,,,
https://github.com/GaaneshT/ip.git,master,,tutorials/**;gradlew.bat,,,,,
https://github.com/leedeen01/ip.git,master,,tutorials/**;gradlew.bat,,,,,
https://github.com/matthanfoo/ip.git,master,,tutorials/**;gradlew.bat,,,,,
https://github.com/aquaimpact/ip.git,master,,tutorials/**;gradlew.bat,,,,,
https://github.com/GCheeYang/ip.git,master,,tutorials/**;gradlew.bat,,,,,
https://github.com/awc1116/ip.git,master,,tutorials/**;gradlew.bat,,,,,
https://github.com/brvndonkoh/ip.git,master,,tutorials/**;gradlew.bat,,,,,
https://github.com/jiancheng37/ip.git,master,,tutorials/**;gradlew.bat,,,,,
https://github.com/philbertshea/ip.git,master,,tutorials/**;gradlew.bat,,,,,
https://github.com/WhyAre/ip.git,master,,tutorials/**;gradlew.bat,,,,,
https://github.com/kokseen1/ip.git,master,,tutorials/**;gradlew.bat,,,,,
https://github.com/kennethsoh/ip.git,master,,tutorials/**;gradlew.bat,,,,,
https://github.com/basil-boh/ip.git,master,,tutorials/**;gradlew.bat,,,,,
https://github.com/twhjames/ip.git,master,,tutorials/**;gradlew.bat,,,,,
https://github.com/FabianHeng/ip.git,master,,tutorials/**;gradlew.bat,,,,,
https://github.com/delonlee01/ip.git,master,,tutorials/**;gradlew.bat,,,,,
https://github.com/dexterleng/ip.git,master,,tutorials/**;gradlew.bat,,,,,
https://github.com/CJ-783/ip.git,master,,tutorials/**;gradlew.bat,,,,,
https://github.com/codebreaker64/ip.git,master,,tutorials/**;gradlew.bat,,,,,
https://github.com/JuhromeAlexander/ip.git,master,,tutorials/**;gradlew.bat,,,,,
https://github.com/lesterlimjj/ip.git,master,,tutorials/**;gradlew.bat,,,,,
https://github.com/MakiseKurisuX/ip.git,master,,tutorials/**;gradlew.bat,,,,,
https://github.com/AnAfterthought/ip.git,master,,tutorials/**;gradlew.bat,,,,,
https://github.com/SuspectBlue/ip.git,master,,tutorials/**;gradlew.bat,,,,,
https://github.com/Ryuse/ip.git,master,,tutorials/**;gradlew.bat,,,,,
https://github.com/boinkkitty/ip.git,master,,tutorials/**;gradlew.bat,,,,,
https://github.com/Jovin-Ang/ip.git,master,,tutorials/**;gradlew.bat,,,,,
https://github.com/yuyang011/ip.git,master,,tutorials/**;gradlew.bat,,,,,
https://github.com/JunXiang26/ip.git,master,,tutorials/**;gradlew.bat,,,,,
https://github.com/Parrycys/ip.git,master,,tutorials/**;gradlew.bat,,,,,
https://github.com/JohannsenLum/ip.git,master,,tutorials/**;gradlew.bat,,,,,
https://github.com/Zerolegacy/ip.git,master,,tutorials/**;gradlew.bat,,,,,
https://github.com/xenyeo/ip.git,master,,tutorials/**;gradlew.bat,,,,,
https://github.com/adwinang/ip.git,master,,tutorials/**;gradlew.bat,,,,,
https://github.com/botosek/ip.git,master,,tutorials/**;gradlew.bat,,,,,
https://github.com/wilsonsfh/ip.git,master,,tutorials/**;gradlew.bat,,,,,
https://github.com/quangthangisme/ip.git,master,,tutorials/**;gradlew.bat,,,,,
https://github.com/NHT020305/ip.git,master,,tutorials/**;gradlew.bat,,,,,
https://github.com/Partillay/ip.git,master,,tutorials/**;gradlew.bat,,,,,
https://github.com/tadacheng/ip.git,master,,tutorials/**;gradlew.bat,,,,,
https://github.com/ToxOptimism/ip.git,master,,tutorials/**;gradlew.bat,,,,,
https://github.com/johngao122/ip.git,master,,tutorials/**;gradlew.bat,,,,,
https://github.com/meloppeitreet/ip.git,master,,tutorials/**;gradlew.bat,,,,,
https://github.com/zyonwee/ip.git,master,,tutorials/**;gradlew.bat,,,,,
https://github.com/hhlh27/ip.git,master,,tutorials/**;gradlew.bat,,,,,
https://github.com/Victoria281/ip.git,master,,tutorials/**;gradlew.bat,,,,,
https://github.com/gn07/ip.git,master,,tutorials/**;gradlew.bat,,,,,
https://github.com/deberinoo/ip.git,master,,tutorials/**;gradlew.bat,,,,,
https://github.com/hsinyilow/ip.git,master,,tutorials/**;gradlew.bat,,,,,
https://github.com/broccoli-hater/ip.git,master,,tutorials/**;gradlew.bat,,,,,
https://github.com/bkkuan/ip.git,master,,tutorials/**;gradlew.bat,,,,,
https://github.com/huangtian666/ip.git,master,,tutorials/**;gradlew.bat,,,,,
https://github.com/feliciahmq/ip.git,master,,tutorials/**;gradlew.bat,,,,,
https://github.com/kararei/ip.git,master,,tutorials/**;gradlew.bat,,,,,
https://github.com/0x4F776C/ip.git,master,,tutorials/**;gradlew.bat,,,,,
https://github.com/Kaidama97/ip.git,master,,tutorials/**;gradlew.bat,,,,,
https://github.com/Shamanbenny/ip.git,master,,tutorials/**;gradlew.bat,,,,,
https://github.com/KarKuen/ip.git,master,,tutorials/**;gradlew.bat,,,,,
https://github.com/ioubread/ip.git,master,,tutorials/**;gradlew.bat,,,,,
https://github.com/caxewhy/ip.git,master,,tutorials/**;gradlew.bat,,,,,
https://github.com/kea-S/ip.git,master,,tutorials/**;gradlew.bat,,,,,
https://github.com/sherwinee/ip.git,master,,tutorials/**;gradlew.bat,,,,,
https://github.com/ceilingFan456/ip.git,master,,tutorials/**;gradlew.bat,,,,,
https://github.com/xplus2g4/ip.git,master,,tutorials/**;gradlew.bat,,,,,
https://github.com/dragonesejosh/ip.git,master,,tutorials/**;gradlew.bat,,,,,
https://github.com/sivaramjeychand/ip.git,master,,tutorials/**;gradlew.bat,,,,,
https://github.com/Kannan171/ip.git,master,,tutorials/**;gradlew.bat,,,,,
https://github.com/luna-ortus-cor/ip.git,master,,tutorials/**;gradlew.bat,,,,,
https://github.com/zwliew/ip.git,master,,tutorials/**;gradlew.bat,,,,,
https://github.com/dexterkwxn/ip.git,master,,tutorials/**;gradlew.bat,,,,,
https://github.com/xumarcus/ip.git,master,,tutorials/**;gradlew.bat,,,,,
https://github.com/minnibb/ip.git,master,,tutorials/**;gradlew.bat,,,,,
https://github.com/shashwatchan/ip.git,master,,tutorials/**;gradlew.bat,,,,,
https://github.com/Leeisateam/ip.git,master,,tutorials/**;gradlew.bat,,,,,
https://github.com/kimseunghyun-kr/ip.git,master,,tutorials/**;gradlew.bat,,,,,
https://github.com/Bryce-3D/ip.git,master,,tutorials/**;gradlew.bat,,,,,
https://github.com/loyaltypollution/ip.git,master,,tutorials/**;gradlew.bat,,,,,
https://github.com/josejhkim/ip.git,master,,tutorials/**;gradlew.bat,,,,,
https://github.com/cscms03/ip.git,master,,tutorials/**;gradlew.bat,,,,,
https://github.com/limshaoqi/ip.git,master,,tutorials/**;gradlew.bat,,,,,
https://github.com/caando/ip.git,master,,tutorials/**;gradlew.bat,,,,,
https://github.com/Hugo-Chia/ip.git,master,,tutorials/**;gradlew.bat,,,,,
https://github.com/wilsonh0/ip.git,master,,tutorials/**;gradlew.bat,,,,,
https://github.com/carineang/ip.git,master,,tutorials/**;gradlew.bat,,,,,
https://github.com/zenn345/ip.git,master,,tutorials/**;gradlew.bat,,,,,
https://github.com/juneha1120/ip.git,master,,tutorials/**;gradlew.bat,,,,,
https://github.com/davidfoo07/ip.git,master,,tutorials/**;gradlew.bat,,,,,
https://github.com/Windofbitter/ip.git,master,,tutorials/**;gradlew.bat,,,,,
https://github.com/shawnnygoh/ip.git,master,,tutorials/**;gradlew.bat,,,,,
https://github.com/HAITAO2003/ip.git,master,,tutorials/**;gradlew.bat,,,,,
https://github.com/e1093051/ip.git,master,,tutorials/**;gradlew.bat,,,,,
https://github.com/samuelneo/ip.git,master,,tutorials/**;gradlew.bat,,,,,
https://github.com/nicholasohjj/ip.git,master,,tutorials/**;gradlew.bat,,,,,
https://github.com/nja99/ip.git,master,,tutorials/**;gradlew.bat,,,,,
https://github.com/Clifong/ip.git,master,,tutorials/**;gradlew.bat,,,,,
https://github.com/ziliangstanley/ip.git,master,,tutorials/**;gradlew.bat,,,,,
https://github.com/isaacchua0309/ip.git,master,,tutorials/**;gradlew.bat,,,,,
https://github.com/Mingyuan03/ip.git,master,,tutorials/**;gradlew.bat,,,,,
https://github.com/Wrongian/ip.git,master,,tutorials/**;gradlew.bat,,,,,
https://github.com/DESU-CLUB/ip.git,master,,tutorials/**;gradlew.bat,,,,,
https://github.com/Emmanuel2001/ip.git,master,,tutorials/**;gradlew.bat,,,,,
https://github.com/avinazz3/ip.git,master,,tutorials/**;gradlew.bat,,,,,
https://github.com/jonzyyyy/ip.git,master,,tutorials/**;gradlew.bat,,,,,
https://github.com/Huan-Kiat/ip.git,master,,tutorials/**;gradlew.bat,,,,,
https://github.com/chanjunlin/ip.git,master,,tutorials/**;gradlew.bat,,,,,
https://github.com/bryantjandra/ip.git,master,,tutorials/**;gradlew.bat,,,,,
https://github.com/gajinkee/ip.git,master,,tutorials/**;gradlew.bat,,,,,
https://github.com/SociallyIneptWeeb/ip.git,master,,tutorials/**;gradlew.bat,,,,,
https://github.com/nickt121/ip.git,master,,tutorials/**;gradlew.bat,,,,,
https://github.com/themintchoco/ip.git,master,,tutorials/**;gradlew.bat,,,,,
https://github.com/Zhannyhong/ip.git,master,,tutorials/**;gradlew.bat,,,,,
https://github.com/gohlucas/ip.git,master,,tutorials/**;gradlew.bat,,,,,
https://github.com/ki1r0/ip.git,master,,tutorials/**;gradlew.bat,,,,,
https://github.com/Luoq1-Xu/ip.git,master,,tutorials/**;gradlew.bat,,,,,
https://github.com/noahang/ip.git,master,,tutorials/**;gradlew.bat,,,,,
https://github.com/Frozennfishh/ip.git,master,,tutorials/**;gradlew.bat,,,,,
https://github.com/SAN-MUYUN/ip.git,master,,tutorials/**;gradlew.bat,,,,,
https://github.com/advaypakhale/ip.git,master,,tutorials/**;gradlew.bat,,,,,
https://github.com/ernestlsy/ip.git,master,,tutorials/**;gradlew.bat,,,,,
https://github.com/Benjam11n/ip.git,master,,tutorials/**;gradlew.bat,,,,,
https://github.com/lauhengyi/ip.git,master,,tutorials/**;gradlew.bat,,,,,
https://github.com/zedonggg/ip.git,master,,tutorials/**;gradlew.bat,,,,,
https://github.com/hrishikeshsathyian/ip.git,master,,tutorials/**;gradlew.bat,,,,,
https://github.com/bipplane/ip.git,master,,tutorials/**;gradlew.bat,,,,,
https://github.com/MrAsparag00se/ip.git,master,,tutorials/**;gradlew.bat,,,,,
https://github.com/zhenglong1603/ip.git,master,,tutorials/**;gradlew.bat,,,,,
https://github.com/mistyk786/ip.git,master,,tutorials/**;gradlew.bat,,,,,
https://github.com/Siyan-G/ip.git,master,,tutorials/**;gradlew.bat,,,,,
https://github.com/tim0tay/ip.git,master,,tutorials/**;gradlew.bat,,,,,
https://github.com/jensenhuangyankai/ip.git,master,,tutorials/**;gradlew.bat,,,,,
https://github.com/gengyudong/ip.git,master,,tutorials/**;gradlew.bat,,,,,
https://github.com/awlarpi/ip.git,master,,tutorials/**;gradlew.bat,,,,,
https://github.com/kaungzinye/ip.git,master,,tutorials/**;gradlew.bat,,,,,
https://github.com/sciphi-123/ip.git,master,,tutorials/**;gradlew.bat,,,,,
https://github.com/junngithub/ip.git,master,,tutorials/**;gradlew.bat,,,,,
https://github.com/potatodudedude/ip.git,master,,tutorials/**;gradlew.bat,,,,,
https://github.com/m0destly/ip.git,master,,tutorials/**;gradlew.bat,,,,,
https://github.com/iamanoob44/ip.git,master,,tutorials/**;gradlew.bat,,,,,
https://github.com/itsapaulblem/ip.git,master,,tutorials/**;gradlew.bat,,,,,
https://github.com/moingshoing/ip.git,master,,tutorials/**;gradlew.bat,,,,,
https://github.com/chen-xiangrui/ip.git,master,,tutorials/**;gradlew.bat,,,,,
https://github.com/mihirniyogi/ip.git,master,,tutorials/**;gradlew.bat,,,,,
https://github.com/darHH/ip.git,master,,tutorials/**;gradlew.bat,,,,,
https://github.com/Codekrodile/ip.git,master,,tutorials/**;gradlew.bat,,,,,
https://github.com/nicolaskjh/ip.git,master,,tutorials/**;gradlew.bat,,,,,
https://github.com/laishuya/ip.git,master,,tutorials/**;gradlew.bat,,,,,
https://github.com/GrassHeadd/ip.git,master,,tutorials/**;gradlew.bat,,,,,
https://github.com/leeyenshen/ip.git,master,,tutorials/**;gradlew.bat,,,,,
https://github.com/cyrolite/ip.git,master,,tutorials/**;gradlew.bat,,,,,
https://github.com/mhaikelll/ip.git,master,,tutorials/**;gradlew.bat,,,,,
https://github.com/LonelyFort/ip.git,master,,tutorials/**;gradlew.bat,,,,,
https://github.com/Engulfy/ip.git,master,,tutorials/**;gradlew.bat,,,,,
https://github.com/jingchun19/ip.git,master,,tutorials/**;gradlew.bat,,,,,
https://github.com/LeeJiaWei23/ip.git,master,,tutorials/**;gradlew.bat,,,,,
https://github.com/wenruu/ip.git,master,,tutorials/**;gradlew.bat,,,,,
https://github.com/nicholasdaijh/ip.git,master,,tutorials/**;gradlew.bat,,,,,
https://github.com/Timothy-Ho0203/ip.git,master,,tutorials/**;gradlew.bat,,,,,
https://github.com/mervyn-teo/ip.git,master,,tutorials/**;gradlew.bat,,,,,
https://github.com/SherrinfordHR/ip.git,master,,tutorials/**;gradlew.bat,,,,,
https://github.com/Kiranlimtl/ip.git,master,,tutorials/**;gradlew.bat,,,,,
https://github.com/kumar2215/ip.git,master,,tutorials/**;gradlew.bat,,,,,
https://github.com/clx3210/ip.git,master,,tutorials/**;gradlew.bat,,,,,
https://github.com/curiousfun88/ip.git,master,,tutorials/**;gradlew.bat,,,,,
https://github.com/cerulyean/ip.git,master,,tutorials/**;gradlew.bat,,,,,
https://github.com/Shanyey/ip.git,master,,tutorials/**;gradlew.bat,,,,,
https://github.com/weien02/ip.git,master,,tutorials/**;gradlew.bat,,,,,
https://github.com/waylonggggg/ip.git,master,,tutorials/**;gradlew.bat,,,,,
https://github.com/jonaturn/ip.git,master,,tutorials/**;gradlew.bat,,,,,
https://github.com/Junixm/ip.git,master,,tutorials/**;gradlew.bat,,,,,
https://github.com/mogmyij/ip.git,master,,tutorials/**;gradlew.bat,,,,,
https://github.com/TeaMakesMePee/ip.git,master,,tutorials/**;gradlew.bat,,,,,
https://github.com/vikeedough/ip.git,master,,tutorials/**;gradlew.bat,,,,,
https://github.com/deseansoh/ip.git,master,,tutorials/**;gradlew.bat,,,,,
https://github.com/danplatypus30/ip.git,master,,tutorials/**;gradlew.bat,,,,,
https://github.com/TiewJiaLiang/ip.git,master,,tutorials/**;gradlew.bat,,,,,
https://github.com/TanJieHaoAmos/ip.git,master,,tutorials/**;gradlew.bat,,,,,
https://github.com/AndreChia/ip.git,master,,tutorials/**;gradlew.bat,,,,,
https://github.com/Xavierlhm/ip.git,master,,tutorials/**;gradlew.bat,,,,,
https://github.com/0xF41/ip.git,master,,tutorials/**;gradlew.bat,,,,,
https://github.com/wallacepck/ip.git,master,,tutorials/**;gradlew.bat,,,,,
https://github.com/xa0412/ip.git,master,,tutorials/**;gradlew.bat,,,,,
https://github.com/Alolononon/ip.git,master,,tutorials/**;gradlew.bat,,,,,
https://github.com/gekjunxu/ip.git,master,,tutorials/**;gradlew.bat,,,,,
https://github.com/WhiteBear82/ip.git,master,,tutorials/**;gradlew.bat,,,,,
https://github.com/Melvan-Chan/ip.git,master,,tutorials/**;gradlew.bat,,,,,
https://github.com/nictjh/ip.git,master,,tutorials/**;gradlew.bat,,,,,
https://github.com/darrenchooji/ip.git,master,,tutorials/**;gradlew.bat,,,,,
https://github.com/panomia01/ip.git,master,,tutorials/**;gradlew.bat,,,,,
https://github.com/Mil-leon/ip.git,master,,tutorials/**;gradlew.bat,,,,,
https://github.com/zuoshihua/ip.git,master,,tutorials/**;gradlew.bat,,,,,
https://github.com/Fieash/ip.git,master,,tutorials/**;gradlew.bat,,,,,
https://github.com/jon-seana/ip.git,master,,tutorials/**;gradlew.bat,,,,,
https://github.com/ShiJianXi/ip.git,master,,tutorials/**;gradlew.bat,,,,,
https://github.com/CloudKai/ip.git,master,,tutorials/**;gradlew.bat,,,,,
https://github.com/AnWe11/ip.git,master,,tutorials/**;gradlew.bat,,,,,
https://github.com/wzhua02/ip.git,master,,tutorials/**;gradlew.bat,,,,,
https://github.com/KimHan01/ip.git,master,,tutorials/**;gradlew.bat,,,,,
https://github.com/cyhni/ip.git,master,,tutorials/**;gradlew.bat,,,,,
https://github.com/wei-song1/ip.git,master,,tutorials/**;gradlew.bat,,,,,
https://github.com/javentankangle/ip.git,master,,tutorials/**;gradlew.bat,,,,,
https://github.com/coffeemocha/ip.git,master,,tutorials/**;gradlew.bat,,,,,
https://github.com/reuben-thomas/ip.git,master,,tutorials/**;gradlew.bat,,,,,
https://github.com/varuuuun/ip.git,master,,tutorials/**;gradlew.bat,,,,,
https://github.com/itsvari/ip.git,master,,tutorials/**;gradlew.bat,,,,,
https://github.com/namitdeb739/ip.git,master,,tutorials/**;gradlew.bat,,,,,
https://github.com/weiyanminoo/ip.git,master,,tutorials/**;gradlew.bat,,,,,
https://github.com/changjy81/ip.git,master,,tutorials/**;gradlew.bat,,,,,
https://github.com/LuBolin/ip.git,master,,tutorials/**;gradlew.bat,,,,,
https://github.com/aaronlim02/ip.git,master,,tutorials/**;gradlew.bat,,,,,
https://github.com/Ben926/ip.git,master,,tutorials/**;gradlew.bat,,,,,
https://github.com/Hackari/ip.git,master,,tutorials/**;gradlew.bat,,,,,
https://github.com/Jsjk112344/ip.git,master,,tutorials/**;gradlew.bat,,,,,
https://github.com/adoubleb/ip.git,master,,tutorials/**;gradlew.bat,,,,,
https://github.com/alexandtheoh/ip.git,master,,tutorials/**;gradlew.bat,,,,,
https://github.com/soonami69/ip.git,master,,tutorials/**;gradlew.bat,,,,,
https://github.com/jaylontan/ip.git,master,,tutorials/**;gradlew.bat,,,,,
https://github.com/zechary28/ip.git,master,,tutorials/**;gradlew.bat,,,,,
https://github.com/Zonnie-23/ip.git,master,,tutorials/**;gradlew.bat,,,,,
https://github.com/benedictleejr/ip.git,master,,tutorials/**;gradlew.bat,,,,,
https://github.com/pastchum/ip.git,master,,tutorials/**;gradlew.bat,,,,,
https://github.com/farhan-navas/ip.git,master,,tutorials/**;gradlew.bat,,,,,
https://github.com/lilyium/ip.git,master,,tutorials/**;gradlew.bat,,,,,
https://github.com/chuahziyang/ip.git,master,,tutorials/**;gradlew.bat,,,,,
https://github.com/Seethevon/ip.git,master,,tutorials/**;gradlew.bat,,,,,
https://github.com/wailydest/ip.git,master,,tutorials/**;gradlew.bat,,,,,
https://github.com/yuto1115/ip.git,master,,tutorials/**;gradlew.bat,,,,,
https://github.com/Gu0Fengming/ip.git,master,,tutorials/**;gradlew.bat,,,,,
https://github.com/DanielJames0302/ip.git,master,,tutorials/**;gradlew.bat,,,,,
https://github.com/yuqing-tham/ip.git,master,,tutorials/**;gradlew.bat,,,,,
https://github.com/SomneelSaha2004/ip.git,master,,tutorials/**;gradlew.bat,,,,,
https://github.com/CHI-ME/ip.git,master,,tutorials/**;gradlew.bat,,,,,
https://github.com/charlenelau-20/ip.git,master,,tutorials/**;gradlew.bat,,,,,
https://github.com/wswddl/ip.git,master,,tutorials/**;gradlew.bat,,,,,
https://github.com/veehz/ip.git,master,,tutorials/**;gradlew.bat,,,,,
https://github.com/Judy1x4/ip.git,master,,tutorials/**;gradlew.bat,,,,,
https://github.com/feconi1024/ip.git,master,,tutorials/**;gradlew.bat,,,,,
https://github.com/zihung20/ip.git,master,,tutorials/**;gradlew.bat,,,,,
https://github.com/pang-yy/ip.git,master,,tutorials/**;gradlew.bat,,,,,
https://github.com/CXl0l0/ip.git,master,,tutorials/**;gradlew.bat,,,,,
https://github.com/swatirajesh277/ip.git,master,,tutorials/**;gradlew.bat,,,,,
https://github.com/flljy940/ip.git,master,,tutorials/**;gradlew.bat,,,,,
https://github.com/DiligentPenguinn/ip.git,master,,tutorials/**;gradlew.bat,,,,,
https://github.com/TrKNguyen/ip.git,master,,tutorials/**;gradlew.bat,,,,,
https://github.com/GabriellaGloria/ip.git,master,,tutorials/**;gradlew.bat,,,,,
https://github.com/minhkiwi14/ip.git,master,,tutorials/**;gradlew.bat,,,,,
https://github.com/NhatMinh0208/ip.git,master,,tutorials/**;gradlew.bat,,,,,
https://github.com/ChauuuLe/ip.git,master,,tutorials/**;gradlew.bat,,,,,
https://github.com/nikingoda/ip.git,master,,tutorials/**;gradlew.bat,,,,,
https://github.com/ho-thanh-und/ip.git,master,,tutorials/**;gradlew.bat,,,,,
https://github.com/Kkenjji/ip.git,master,,tutorials/**;gradlew.bat,,,,,
https://github.com/Bill-1/ip.git,master,,tutorials/**;gradlew.bat,,,,,
https://github.com/nhocmt227/ip.git,master,,tutorials/**;gradlew.bat,,,,,
https://github.com/Jensen188/ip.git,master,,tutorials/**;gradlew.bat,,,,,
https://github.com/TobyCyan/ip.git,master,,tutorials/**;gradlew.bat,,,,,
https://github.com/LsmnBmnc/ip.git,master,,tutorials/**;gradlew.bat,,,,,
https://github.com/sreelakshmiharidos/ip.git,master,,tutorials/**;gradlew.bat,,,,,
https://github.com/meglwhy/ip.git,master,,tutorials/**;gradlew.bat,,,,,
https://github.com/malihahaque/ip.git,master,,tutorials/**;gradlew.bat,,,,,
https://github.com/JadeCheah/ip.git,master,,tutorials/**;gradlew.bat,,,,,
https://github.com/ZaydM18/ip.git,master,,tutorials/**;gradlew.bat,,,,,
https://github.com/leewaikin19/ip.git,master,,tutorials/**;gradlew.bat,,,,,
https://github.com/kevinlimantoro123/ip.git,master,,tutorials/**;gradlew.bat,,,,,
https://github.com/xinnnyeee/ip.git,master,,tutorials/**;gradlew.bat,,,,,
https://github.com/githubcsuser/ip.git,master,,tutorials/**;gradlew.bat,,,,,
https://github.com/xk1234/ip.git,master,,tutorials/**;gradlew.bat,,,,,
https://github.com/UltimateHG/ip.git,master,,tutorials/**;gradlew.bat,,,,,
https://github.com/kerktaiheng/ip.git,master,,tutorials/**;gradlew.bat,,,,,
https://github.com/Stickiem/ip.git,master,,tutorials/**;gradlew.bat,,,,,
https://github.com/zacklow28/ip.git,master,,tutorials/**;gradlew.bat,,,,,
https://github.com/WeiHungLoh/ip.git,master,,tutorials/**;gradlew.bat,,,,,
https://github.com/monobeartae/ip.git,master,,tutorials/**;gradlew.bat,,,,,
https://github.com/Charlesl12/ip.git,master,,tutorials/**;gradlew.bat,,,,,
https://github.com/TanXingZhong/ip.git,master,,tutorials/**;gradlew.bat,,,,,
https://github.com/NoahKoh/ip.git,master,,tutorials/**;gradlew.bat,,,,,
https://github.com/WilkinsAng/ip.git,master,,tutorials/**;gradlew.bat,,,,,
https://github.com/shuang26/ip.git,master,,tutorials/**;gradlew.bat,,,,,
https://github.com/reaneechua/ip.git,master,,tutorials/**;gradlew.bat,,,,,
https://github.com/HarishB99/ip.git,master,,tutorials/**;gradlew.bat,,,,,
https://github.com/jhwan0707/ip.git,master,,tutorials/**;gradlew.bat,,,,,
https://github.com/BladerX11/ip.git,master,,tutorials/**;gradlew.bat,,,,,
https://github.com/jordon0802/ip.git,master,,tutorials/**;gradlew.bat,,,,,
https://github.com/chinpcbenjamin/ip.git,master,,tutorials/**;gradlew.bat,,,,,
https://github.com/blobfish465/ip.git,master,,tutorials/**;gradlew.bat,,,,,
https://github.com/Taoseeker/ip.git,master,,tutorials/**;gradlew.bat,,,,,
https://github.com/juniper285/ip.git,master,,tutorials/**;gradlew.bat,,,,,
https://github.com/hengjeekuan/ip.git,master,,tutorials/**;gradlew.bat,,,,,
https://github.com/datletu/ip.git,master,,tutorials/**;gradlew.bat,,,,,
https://github.com/J4Joshua/ip.git,master,,tutorials/**;gradlew.bat,,,,,
https://github.com/ypuppy/ip.git,master,,tutorials/**;gradlew.bat,,,,,
https://github.com/RickyHFR/ip.git,master,,tutorials/**;gradlew.bat,,,,,
https://github.com/Jasonzhou97/ip.git,master,,tutorials/**;gradlew.bat,,,,,
https://github.com/iuhiah/ip.git,master,,tutorials/**;gradlew.bat,,,,,
https://github.com/LF1928/ip.git,master,,tutorials/**;gradlew.bat,,,,,
https://github.com/patil-np/ip.git,master,,tutorials/**;gradlew.bat,,,,,
https://github.com/glennliew/ip.git,master,,tutorials/**;gradlew.bat,,,,,
https://github.com/Noob-No-1/ip.git,master,,tutorials/**;gradlew.bat,,,,,
https://github.com/ryanlow64/ip.git,master,,tutorials/**;gradlew.bat,,,,,
https://github.com/simenggg/ip.git,master,,tutorials/**;gradlew.bat,,,,,
https://github.com/souledfigurine/ip.git,master,,tutorials/**;gradlew.bat,,,,,
https://github.com/lilduckling/ip.git,master,,tutorials/**;gradlew.bat,,,,,
https://github.com/zeotheburrito/ip.git,master,,tutorials/**;gradlew.bat,,,,,
https://github.com/weiwong834/ip.git,master,,tutorials/**;gradlew.bat,,,,,
https://github.com/chenxy12345/ip.git,master,,tutorials/**;gradlew.bat,,,,,
https://github.com/chenxu20/ip.git,master,,tutorials/**;gradlew.bat,,,,,
https://github.com/thegrimbee/ip.git,master,,tutorials/**;gradlew.bat,,,,,
https://github.com/K1mcheee/ip.git,master,,tutorials/**;gradlew.bat,,,,,
https://github.com/SahanaAvantika/ip.git,master,,tutorials/**;gradlew.bat,,,,,
https://github.com/potatoems/ip.git,master,,tutorials/**;gradlew.bat,,,,,
https://github.com/pranavyey/ip.git,master,,tutorials/**;gradlew.bat,,,,,
https://github.com/isawangyx/ip.git,master,,tutorials/**;gradlew.bat,,,,,
https://github.com/Rae2480/ip.git,master,,tutorials/**;gradlew.bat,,,,,
https://github.com/mjyan02/ip.git,master,,tutorials/**;gradlew.bat,,,,,
https://github.com/Golddirio/ip.git,master,,tutorials/**;gradlew.bat,,,,,
https://github.com/yjunyeu/ip.git,master,,tutorials/**;gradlew.bat,,,,,
https://github.com/andong0909/ip.git,master,,tutorials/**;gradlew.bat,,,,,
https://github.com/senshir/ip.git,master,,tutorials/**;gradlew.bat,,,,,
https://github.com/Nova1729/ip.git,master,,tutorials/**;gradlew.bat,,,,,
https://github.com/wentingchua/ip.git,master,,tutorials/**;gradlew.bat,,,,,
https://github.com/TasmiaH0508/ip.git,master,,tutorials/**;gradlew.bat,,,,,
https://github.com/Meatsushi64/ip.git,master,,tutorials/**;gradlew.bat,,,,,
https://github.com/jiangsuwangjing/ip.git,master,,tutorials/**;gradlew.bat,,,,,
https://github.com/angjozee/ip.git,master,,tutorials/**;gradlew.bat,,,,,
https://github.com/YashvanGH/ip.git,master,,tutorials/**;gradlew.bat,,,,,
https://github.com/amir-dha/ip.git,master,,tutorials/**;gradlew.bat,,,,,
https://github.com/Ditzchann/ip.git,master,,tutorials/**;gradlew.bat,,,,,
https://github.com/elizazaa/ip.git,master,,tutorials/**;gradlew.bat,,,,,
https://github.com/jodielzy/ip.git,master,,tutorials/**;gradlew.bat,,,,,
https://github.com/salads-source/ip.git,master,,tutorials/**;gradlew.bat,,,,,
https://github.com/karthu0301/ip.git,master,,tutorials/**;gradlew.bat,,,,,
https://github.com/geeliette/ip.git,master,,tutorials/**;gradlew.bat,,,,,
https://github.com/keyansheng/ip.git,master,,tutorials/**;gradlew.bat,,,,,
https://github.com/Masunori/ip.git,master,,tutorials/**;gradlew.bat,,,,,
https://github.com/DengTianle/ip.git,master,,tutorials/**;gradlew.bat,,,,,
https://github.com/crmlatte/ip.git,master,,tutorials/**;gradlew.bat,,,,,
https://github.com/Eun777/ip.git,master,,tutorials/**;gradlew.bat,,,,,
https://github.com/aekyr/ip.git,master,,tutorials/**;gradlew.bat,,,,,
https://github.com/qilstiano/ip.git,master,,tutorials/**;gradlew.bat,,,,,
https://github.com/rannn367/ip.git,master,,tutorials/**;gradlew.bat,,,,,
https://github.com/nat-ong555/ip.git,master,,tutorials/**;gradlew.bat,,,,,
https://github.com/jamesberyl/ip.git,master,,tutorials/**;gradlew.bat,,,,,
https://github.com/xinniyee/ip.git,master,,tutorials/**;gradlew.bat,,,,,
https://github.com/popova-mariia/ip.git,master,,tutorials/**;gradlew.bat,,,,,
https://github.com/nlqhung130403/ip.git,master,,tutorials/**;gradlew.bat,,,,,
https://github.com/izniy/ip.git,master,,tutorials/**;gradlew.bat,,,,,
https://github.com/FooNicholas/ip.git,master,,tutorials/**;gradlew.bat,,,,,
https://github.com/SanShaoQian/ip.git,master,,tutorials/**;gradlew.bat,,,,,
https://github.com/ambertan77/ip.git,master,,tutorials/**;gradlew.bat,,,,,
https://github.com/shelialia/ip.git,master,,tutorials/**;gradlew.bat,,,,,
https://github.com/niha81/ip.git,master,,tutorials/**;gradlew.bat,,,,,
https://github.com/deannapoh/ip.git,master,,tutorials/**;gradlew.bat,,,,,
https://github.com/clarabellelim/ip.git,master,,tutorials/**;gradlew.bat,,,,,
https://github.com/findingfaey/ip.git,master,,tutorials/**;gradlew.bat,,,,,
https://github.com/Sean-G-Han/ip.git,master,,tutorials/**;gradlew.bat,,,,,
https://github.com/NaelAnoob/ip.git,master,,tutorials/**;gradlew.bat,,,,,
https://github.com/PriyadarshiCharvi/ip.git,master,,tutorials/**;gradlew.bat,,,,,
https://github.com/VikramGoyal23/ip.git,master,,tutorials/**;gradlew.bat,,,,,
https://github.com/arshinsikka/ip.git,master,,tutorials/**;gradlew.bat,,,,,
https://github.com/arnavbajpai/ip.git,master,,tutorials/**;gradlew.bat,,,,,
https://github.com/Terentwc/ip.git,master,,tutorials/**;gradlew.bat,,,,,
https://github.com/AerollingOverDeepBlueSeas/ip.git,master,,tutorials/**;gradlew.bat,,,,,
https://github.com/szelingtan/ip.git,master,,tutorials/**;gradlew.bat,,,,,
https://github.com/nanditaselvaraju/ip.git,master,,tutorials/**;gradlew.bat,,,,,
https://github.com/namprice227/ip.git,master,,tutorials/**;gradlew.bat,,,,,
https://github.com/vrisdng/ip.git,master,,tutorials/**;gradlew.bat,,,,,
https://github.com/varsha13152/ip.git,master,,tutorials/**;gradlew.bat,,,,,
https://github.com/Liu-Jihan/ip.git,master,,tutorials/**;gradlew.bat,,,,,
https://github.com/sunpterodactyl/ip.git,master,,tutorials/**;gradlew.bat,,,,,
https://github.com/heyitssakinah/ip.git,master,,tutorials/**;gradlew.bat,,,,,
https://github.com/bhavinaa/ip.git,master,,tutorials/**;gradlew.bat,,,,,
https://github.com/ongxinyii/ip.git,master,,tutorials/**;gradlew.bat,,,,,
https://github.com/CVincent0907/ip.git,master,,tutorials/**;gradlew.bat,,,,,
https://github.com/Nano-233/ip.git,master,,tutorials/**;gradlew.bat,,,,,
https://github.com/Billy026/ip.git,master,,tutorials/**;gradlew.bat,,,,,
https://github.com/GZTan23/ip.git,master,,tutorials/**;gradlew.bat,,,,,
https://github.com/dingZvel/ip.git,master,,tutorials/**;gradlew.bat,,,,,
https://github.com/hutongyan/ip.git,master,,tutorials/**;gradlew.bat,,,,,
https://github.com/wyongqiing/ip.git,master,,tutorials/**;gradlew.bat,,,,,
https://github.com/Neilchen863/ip.git,master,,tutorials/**;gradlew.bat,,,,,
https://github.com/gandwarf/ip.git,master,,tutorials/**;gradlew.bat,,,,,
https://github.com/lyhthaddeus/ip.git,master,,tutorials/**;gradlew.bat,,,,,
https://github.com/Xzh119/ip.git,master,,tutorials/**;gradlew.bat,,,,,
https://github.com/jniaorx/ip.git,master,,tutorials/**;gradlew.bat,,,,,
https://github.com/YosieSYX/ip.git,master,,tutorials/**;gradlew.bat,,,,,
https://github.com/liy722/ip.git,master,,tutorials/**;gradlew.bat,,,,,
https://github.com/Casielim/ip.git,master,,tutorials/**;gradlew.bat,,,,,
https://github.com/Prog-Neuro-Com/ip.git,master,,tutorials/**;gradlew.bat,,,,,
https://github.com/yuqiannemo/ip.git,master,,tutorials/**;gradlew.bat,,,,,
https://github.com/caroline1233456/ip.git,master,,tutorials/**;gradlew.bat,,,,,
https://github.com/AbiHalim/ip.git,master,,tutorials/**;gradlew.bat,,,,,
https://github.com/GauhVish/ip.git,master,,tutorials/**;gradlew.bat,,,,,
https://github.com/Reshiro/ip.git,master,,tutorials/**;gradlew.bat,,,,,
https://github.com/blacksesamezongzi/ip.git,master,,tutorials/**;gradlew.bat,,,,,
https://github.com/hyizhak/ip.git,master,,tutorials/**;gradlew.bat,,,,,
https://github.com/hzk-lab/ip.git,master,,tutorials/**;gradlew.bat,,,,,
https://github.com/OvOtter/ip.git,master,,tutorials/**;gradlew.bat,,,,,
https://github.com/wj200/ip.git,master,,tutorials/**;gradlew.bat,,,,,
https://github.com/kai824/ip.git,master,,tutorials/**;gradlew.bat,,,,,
https://github.com/CoreySiah/ip.git,master,,tutorials/**;gradlew.bat,,,,,
https://github.com/h-b-k-nishi/ip.git,master,,tutorials/**;gradlew.bat,,,,,
